reference_code,pmid,doi,reference_code_in_online_database
75WYR/GRI,1250,10.1111/j.1432-1033.1975.tb02418.x,75WYR/GRI_223
75WYR/GRI,7996,,76BER/KLY_1009
76HIL/ATT,10346,10.1099/00221287-96-1-185,76HIL/ATT_1397
76RUS/MUL,12947,10.1111/j.1432-1033.1976.tb11021.x,76RUS/MUL_237
77SRA/FRE,18103,10.1016/0003-9861(77)90496-9,77SRA/FRE_722
78CHR/MAT,30336,10.1016/0003-2697(78)90745-5,78CHR/MAT_1038
79LAW/VEE,36398,,79LAW/VEE_651
77ANT/GIN,36553,,77ANT/GIN_964
75GER/WES,168198,,75GER/WES_850
75SHI/BEA,169260,,75SHI/BEA_560
75SCH/GRE,170102,10.1111/j.1432-1033.1975.tb02227.x,75SCH/GRE_218
76GRE/BRI,186026,10.1042/bj1570591,76GRE/BRI_328
76RAO/BUT,186451,,76RAO/BUT_618
76GUY,186456,,76GUY_807
77APP/NAI,201249,10.1042/bj1670087,77APP/NAI_556
78RAO/COH,203583,,78RAO/COH_650
78LYN/GUY,204656,,78LYN/GUY_666
79VIC/GRE,218950,,79VIC/GRE_482
79LAB/DEB,231463,10.1016/S0300-9084(80)80264-1,79LAB/DEB_795
75JEN/NYG,235429,10.1111/j.1432-1033.1975.tb03925.x,75JEN/NYG_460
75GOR/ESF,237482,10.1016/0003-9861(75)90274-x,75GOR/ESF_316
75PIE/GUY,237900,,75PIE/GUY_391
75GOL,240453,10.1016/0301-4622(75)80011-1,75GOL_549
75IZU/REE,240851,,75IZU/REE_1376
75BOH/SCH,241184,,75BOH/SCH_552
75SUN,241749,,75SUN_700
79BYE/SHE,375973,10.1021/bi00579a006,79BYE/SHE_255
79RAO/KAY,429312,,79RAO/KAY_566
79COR/LEA,447732,,79COR/LEA_586
79KIM/PET,475389,10.1016/0003-9861(79)90327-8,79KIM/PET_143
79SCH/HIN,500017,10.1515/bchm2.1979.360.2.1497,79SCH/HIN_108
79PIR/LIL,527937,10.1515/bchm2.1979.360.2.1693,79PIR/LIL_1137
78SUB,623877,10.1016/0301-4622(78)85013-3,78SUB_285
78MEE/AKE,639798,10.1111/j.1432-1033.1978.tb12183.x,78MEE/AKE_585
75MAN/LAN,808172,10.1016/0003-9861(75)90324-0,75MAN/LAN_336
77SCH/TAT,836793,10.1021/bi00622a011,77SCH/TAT_350
77SCH/CLE,836801,10.1021/bi00623a001,77SCH/CLE_151
77TRA/JON,925000,,77TRA/JON_481
76WEI/KIR,949971,10.1111/j.1432-1033.1976.tb10350.x,76WEI/KIR_1179
75BRA/JAR,1117007,,75BRA/JAR_217
75JES,1133398,10.1021/ja00840a006,75JES_999
75SCH/RIF,1191642,10.1021/bi00695a020,75SCH/RIF_150
76TRI/PAR,1259718,10.1042/bj1530089,76TRI/PAR_856
76SPR/LIM,1276393,10.1002/bit.260180504,76SPR/LIM_1310
92KAH/SCH,1527498,10.1099/00221287-138-6-1277 ,92KAH/SCH_189
92ELL/SRI,1540130,10.1042/bj2820155,92ELL/SRI_936
92TEA/DOB,1629208,,92TEA/DOB_604
92WAN/CHE,1633258,10.1016/0301-4622(92)80041-3,92WAN/CHE_747
91KNI/SEM,1645186,10.1021/bi00234a019,91KNI/SEM_1406
91LIU/FRO,1646815,,91LIU/FRO_832
91MOR/FRE,1653014,10.1021/bi00098a030,91MOR/FRE_329
91SEM/CLE,1827991,10.1021/bi00234a020,91SEM/CLE_542
91TEW/GOL,1873472,10.1016/0301-4622(91)85029-p,91TEW/GOL_935
91GOL/BEL,1873473,10.1016/0301-4622(91)85030-t,91GOL/BEL_941
91SRI/NAM,1873475,10.1016/0301-4622(91)85032-l,91SRI/NAM_308
90LUN/APR,2140258,10.1042/bj2670739,90LUN/APR_431
90SAN/SIN,2341161,,90SAN/SIN_1363
89TEW/GOL,2492994,,89TEW/GOL_919
89GOL/TEW,2498341,,89GOL/TEW_932
89ELL,2543728,,89ELL_627
89ROM/DEM,2722769,,89ROM/DEM_780
89GOL/TEW2,2722882,,89GOL/TEW2_943
89SCH/GIF,2789134,10.1111/j.1432-1033.1989.tb14984.x,89SCH/GIF_68
88TEW/GOL,2839246,10.1016/0301-4622(88)85045-2,88TEW/GOL_1012
88BEL/BAE,2848810,,88BEL/BAE_569
87BUC/MIL,2883006,10.1111/j.1432-1033.1987.tb11164.x,87BUC/MIL_224
87RAO/HAR,2958459,,87RAO/HAR_555
85LEE/OSU,2997186,,85LEE/OSU_632
86CAS/VEE2,3079759,,86CAS/VEE2_753
86HUB/HUR,3083779,10.1016/0003-9861(86)90487-x,86HUB/HUR_930
87MOS/FRE,3117791,,87MOS/FRE_1417
85FAG/DEW,3158649,,85FAG/DEW_1080
88MAC/FEW,3291854,10.1042/bj2500743,88MAC/FEW_201
87KUC/MIZ,3327522,10.1021/bi00399a057,87KUC/MIZ_682
88TEW/STE,3346215,,88TEW/STE_1361
88TEW/STE2,3346216,,88TEW/STE2_814
88LIM/RAI,3365378,10.1021/bi00404a013,88LIM/RAI_1287
88BED/HAD,3384815,,88BED/HAD_1430
87BED/TES,3429208,,87BED/TES_20
86GAJ/STE,3528161,,86GAJ/STE_1074
86DEW/EMI,3741845,10.1021/bi00362a022,86DEW/EMI_946
86ROH/ETT,3769932,10.1111/j.1432-1033.1986.tb09975.x,86ROH/ETT_1020
86NAK/KIM,3792308,10.1111/j.1432-1033.1986.tb10476.x,86NAK/KIM_1081
86CAS/VEE,3826613,10.1016/0003-2697(86)90338-6,86CAS/VEE_374
85TEW/GOL2,3931718,10.1016/0301-4622(85)80043-0,85TEW/GOL2_1378
85WIE/HIN,3933423,10.1016/0003-9861(85)90228-0,85WIE/HIN_1187
85COO/PRA,3966792,10.1016/0003-9861(85)90602-2,85COO/PRA_1203
85SRI/FIS,3994979,10.1021/bi00324a012,85SRI/FIS_293
85HER/AIY,4052045,10.1042/bj2300043,85HER/AIY_952
85GAJ/GOL,4052575,10.1016/0301-4622(85)80042-9,85GAJ/GOL_1154
85DAS/BRO,4092075,10.1016/0301-4622(85)80068-5,85DAS/BRO_746
71TAK/KUR,4106365,,71TAK/KUR_1230
74GAU/MAI,4150793,,74GAU/MAI_1271
74BUR,4156827,10.1042/bj1430365,74BUR_31
73ROT/KIS,4201495,,73ROT/KIS_346
74BEL/MAR,4212162,10.1111/j.1432-1033.1974.tb03659.x,74BEL/MAR_1409
74UEB/BLA,4217278,10.1111/j.1432-1033.1974.tb03780.x,74UEB/BLA_161
74FER/STR,4219834,10.1042/bj1440477,74FER/STR_1380
70BLA,4245368,10.1111/j.1432-1033.1970.tb00940.x,70BLA_644
73HAN/RUD,4270771,,73HAN/RUD_553
74GUY/WEB,4275341,,74GUY/WEB_1434
73WUR/HES,4279207,10.1515/bchm2.1973.354.1.407,73WUR/HES_164
66ALB/BAS,4287931,,66ALB/BAS_687
66HOR/HEN,4287985,,66HOR/HEN_474
66WOO/DAV,4288897,,66WOO/DAV_1084
66ALL,4289051,,66ALL_234
67WIL/LUN,4291787,10.1042/bj1030514,67WIL/LUN_134
67POE/GUT,4294746,10.1016/0003-9861(67)90140-3,67POE/GUT_319
68KOH/JAK,4297260,,68KOH/JAK_142
68KOH,4300866,,68KOH_192
68AUR/KLE,4302217,10.1111/j.1432-1033.1968.tb00437.x,68AUR/KLE_209
68REE/MEN,4302788,,68REE/MEN_713
68HAT/SLA,4305612,10.1042/bj1060141,68HAT/SLA_712
69PET/MCK,4306134,10.1016/0003-9861(69)90128-3,69PET/MCK_337
69SWI,4306285,,69SWI_674
69LAN/DEK,4309127,10.1021/bi00835a041,69LAN/DEK_94
69GRE/RUD,4309154,,69GRE/RUD_840
69DOL,4310090,,69DOL_235
70VEE/RAI,4315932,10.1042/bj1170499,70VEE/RAI_584
70BRO/KRE,4316090,10.1042/bj1170091,70BRO/KRE_512
71RUD/JOH,4322715,,71RUD/JOH_858
71HAY/GRE,4328843,,71HAY/GRE_1229
72FOR/GAU,4335290,10.1021/bi00756a026,72FOR/GAU_206
72CAG/FRI,4337852,,72CAG/FRI_570
72BAK/JEN,4344229,,72BAK/JEN_290
73GUY/VEE,4355193,,73GUY/VEE_403
74JEB/TY,4373722,10.1073/pnas.71.11.4630,74JEB/TY_659
74GUY/VEL,4374936,10.1042/bj1400369,74GUY/VEL_692
65WAL/SAL,4378782,10.1021/bi00882a015,65WAL/SAL_202
66AVI/ENG,4379259,,66AVI/ENG_213
66SCH/HOR,4381350,10.1016/0003-9861(66)90020-8,66SCH/HOR_79
67SIL/VOE,4381552,,67SIL/VOE_417
67UYE/RAB,4383631,,67UYE/RAB_301
67ENG/DAL,4384597,10.1042/bj1050691,67ENG/DAL_287
68AVI/ALR,4384672,,68AVI/ALR_212
68SUG/PIZ,4384871,,68SUG/PIZ_203
68KOH/JAK2,4385076,,68KOH/JAK2_90
68LON/DAL,4387224,10.1042/bj1100217,68LON/DAL_153
69VEE/EGG,4391039,10.1042/bj1150609a,69VEE/EGG_501
69VIL/DAL,4391041,10.1042/bj1150633,69VIL/DAL_157
70TSU/FRI,4394942,,70TSU/FRI_291
70WUR/HES,4395302,10.1515/bchm2.1970.351.2.1537,70WUR/HES_163
70KOH/WAR,4395378,,70KOH/WAR_91
71WOH,4398630,10.1111/j.1432-1033.1971.tb01503.x,71WOH_709
71KAT,4401291,10.1016/s0003-9861(71)80057-7,71KAT_220
72NAG/JAE,4403556,10.1515/bchm2.1972.353.1.773,72NAG/JAE_299
74TUR/GIL,4436332,,74TUR/GIL_693
74DAN/CAR,4548670,10.1111/j.1432-1033.1974.tb03763.x,74DAN/CAR_473
74WON/FRE,4606575,10.1021/bi00716a011,74WON/FRE_697
74KNA/BLA,4615902,10.1111/j.1432-1033.1974.tb03894.x,74KNA/BLA_414
72MAR/BEL,4623846,,72MAR/BEL_450
72DEL,4624446,,72DEL_427
72KHA/ZHE,4660956,,72KHA/ZHE_869
73DEW/LOW,4697392,,73DEW/LOW_646
73SOM/COS,4711468,10.1021/bi00738a008,73SOM/COS_1418
73VEL/GUY,4718747,,73VEL/GUY_1167
73SUG,4719122,10.1021/bi00739a014,73SUG_714
73GUY/GEL,4743509,,73GUY/GEL_137
73HER,4745770,,73HER_1136
74BOS/YAM,4826883,10.1021/bi00707a008,74BOS/YAM_471
74KEN,4831620,,74KEN_1037
74KUR/TAK,4846750,,74KUR/TAK_1231
70MAN/HOL,4910853,10.1073/pnas.65.3.660 ,70MAN/HOL_708
71JOS/WAK,4934182,10.1016/0003-9861(71)90234-7,71JOS/WAK_413
71COH/WOL,4944312,,71COH/WOL_1055
71TAN/JOH,4945184,,71TAN/JOH_402
65MAR/JEN,4953710,,65MAR/JEN_527
66MAR/COH,4958913,,66MAR/COH_577
69WHI/LEJ,4989322,10.1042/bj1130589,69WHI/LEJ_1239
72GUS/GAN,5012314,,72GUS/GAN_691
72DAH/AND,5016652,,72DAH/AND_1108
72COO/MEI,5059882,10.1021/bi00755a001,72COO/MEI_523
72STU,5061975,,72STU_745
72NEL/KIE,5082943,10.1016/0003-2697(72)90451-4,72NEL/KIE_330
71CHE/ALI,5095956,,71CHE/ALI_597
71MCC/CHA,5129727,,71MCC/CHA_959
71HOR/HUS,5148773,,71HOR/HUS_645
66WIL/WAK,5330116,,66WIL/WAK_412
69VEE/RAI,5357024,10.1042/bj1150837,69VEE/RAI_1286
70ALB,5423264,10.1021/bi00814a011,70ALB_670
70KNO/HAN,5427280,,70KNO/HAN_690
70HEY/ELB,5438047,10.1128/jb.101.3.777-780.1970,70HEY/ELB_1343
70CHI/ZAP,5438361,,70CHI/ZAP_1416
70BEN/FRI,5442269,,70BEN/FRI_1367
70WUR/SCH,5451283,10.1515/bchm2.1970.351.2.961,70WUR/SCH_1359
70HER,5470822,,70HER_1035
70KRI/BUC,5493986,10.1111/j.1432-1033.1970.tb01202.x,70KRI/BUC_579
70NAK/TSU,5498430,,70NAK/TSU_205
71SHI/SUG,5552394,10.1111/j.1432-1033.1971.tb01312.x,71SHI/SUG_669
71ROB,5570433,,71ROB_710
71UNK/GOL,5573236,,71UNK/GOL_1197
71KUN/STA,5574401,,71KUN/STA_1422
71WIL/ROC,5580657,10.1021/bi00784a017,71WIL/ROC_1115
67ENG/DEN,5583983,10.1042/bj1050032c,67ENG/DEN_1165
67KEP/TOV,5633396,,67KEP/TOV_1280
68DYS/NOL,5647261,,68DYS/NOL_1358
68AYL/SNE,5650370,10.1021/bi00845a002,68AYL/SNE_532
68AYL/SNE2,5650371,10.1021/bi00845a003,68AYL/SNE2_531
68HAV/HAN,5655435,10.1021/bi00845a039,68HAV/HAN_1219
68TAN/KAN,5655499,10.1111/j.1432-1033.1968.tb00199.x,68TAN/KAN_451
68MIZ/WEE,5658542,,68MIZ/WEE_1200
68SU/RUS,5661709,,68SU/RUS_660
68BAD/MIL,5681454,10.1021/bi00850a014,68BAD/MIL_1211
68NIX/BLA,5687716,,68NIX/BLA_298
68POT/GLO,5690817,,68POT/GLO_386
68MAY/AND,5726889,,68MAY/AND_1379
69WAN/BAR,5769987,,69WAN/BAR_1191
69SHE/ALE,5773308,,69SHE/ALE_446
69TSU/FUK,5782905,,69TSU/FUK_689
69GAR/CLE,5793714,10.1021/bi00830a026,69GAR/CLE_662
69SMI/MOR,5800442,,69SMI/MOR_617
69PAS/LOW,5814030,,69PAS/LOW_1400
69ROS/HAM,5814934,10.1021/bi00833a017,69ROS/HAM_859
69BLA/FRA,5824560,,69BLA/FRA_1381
65GAU/WOL,5854583,10.1128/jb.90.6.1531-1536.1965,65GAU/WOL_1226
66GOL/MAR,5901055,,66GOL/MAR_449
66JEN/DAR,5912360,,66JEN/DAR_502
66MAR/WAD,5924638,,66MAR/WAD_641
66CHA/WIL,5924646,,66CHA/WIL_327
66MAT,5924649,,66MAT_1275
66KIM/SUZ,5933869,,66KIM/SUZ_706
66MUR/SUG,5941994,10.1016/0003-9861(66)90153-6,66MUR/SUG_426
66VER/ROD,5946626,,66VER/ROD_707
66UHR/MAR,5954807,,66UHR/MAR_616
66MUD/KLE,5961285,10.1021/bi00869a030,66MUD/KLE_345
66THO/NAN,5971743,10.1016/0003-9861(66)90126-3,66THO/NAN_1164
66BER/MOE,5982377,,66BER/MOE_133
67GRO,6016328,,67GRO_1088
67EPP/DAW,6016604,,67EPP/DAW_595
67HIR/GRE,6022873,,67HIR/GRE_538
67LOM/GRE,6033708,10.1016/0003-9861(67)90352-9,67LOM/GRE_1059
67WOL,6061417,,67WOL_1052
67PLO/CLE,6061708,,67PLO/CLE_1130
80ELM/HAS,6243283,,80ELM/HAS_562
81HIN/POL,6272654,10.1016/0003-9861(81)90344-1,81HIN/POL_782
82GUY/THA,6284052,10.1016/0003-9861(82)90110-2,82GUY/THA_828
82GUY,6293382,10.1016/0003-9861(82)90315-0,82GUY_803
83KAT/SUE,6370350,,83KAT/SUE_222
84UCH/TSU,6389524,10.1093/oxfordjournals.jbchem.a134863 ,84UCH/TSU_1119
84WAS/DAU,6391537,10.1021/bi00317a015,84WAS/DAU_1236
84BLA/COC,6433972,10.1021/bi00306a009,84BLA/COC_295
84KOL/EGG,6489933,10.1515/bchm2.1984.365.2.847,84KOL/EGG_1201
84RAG/LJU,6608524,,84RAG/LJU_303
80CAM/SGA,6778396,10.1016/0003-9861(80)90098-3,80CAM/SGA_950
81GRI/CLE,6794611,10.1021/bi00523a002,81GRI/CLE_272
82SAL/JOR,6812503,10.1016/0003-9861(82)90487-8,82SAL/JOR_462
83YAM/SAI,6822536,,83YAM/SAI_261
83MIL/RYC,6852021,10.1111/j.1432-1033.1983.tb07443.x,83MIL/RYC_607
83SEL/MAN,6863314,,83SEL/MAN_1228
80FUK/OBO,6987227,,80FUK/OBO_1256
80JAF/COH,6988421,,80JAF/COH_582
80LER/COH,6997302,,80LER/COH_623
80COO/BLA,7000186,10.1021/bi00562a023,80COO/BLA_6
81SUG/VEI,7197134,,81SUG/VEI_53
81MER/MCA,7198894,10.1016/0003-9861(81)90416-1,81MER/MCA_539
80TER/RAB,7388069,,80TER/RAB_994
80CHE/HED,7437498,10.1016/0301-4622(80)80041-x,80CHE/HED_567
81RAO/COH,7462219,,81RAO/COH_600
95WIS/KUS,7759484,,95WIS/KUS_612
95SCH/TRA,7827041,10.1021/bi00003a016,95SCH/TRA_581
94LEU/COO,8117730,10.1021/bi00175a040,94LEU/COO_409
94KIS/TEW,8155816,10.1016/0301-4622(93)e0067-f,94KIS/TEW_1045
93SHI/CHE,8381432,,93SHI/CHE_1243
93BES/REB,8503876,10.1042/bj2920425,93BES/REB_352
96ARA/RUZ,8639492,10.1021/bi952983w,96ARA/RUZ_711
96LI/ZHA,8910414,,96LI/ZHA_668
97STA/SUA,9319107,,97STA/SUA_1365
97CHA,9326504,,97CHA_622
98THO/JOR,9466792,10.1006/abio.1997.2490,98THO/JOR_267
98KIM/VOE,9506987,,98KIM/VOE_559
98KIS/TEW,9700925,10.1016/s0301-4622(98)00151-3,98KIS/TEW_1188
98LAE/EIS,9738901,10.1046/j.1432-1327.1998.2550618.x,98LAE/EIS_1204
98LOV/LAU,9799130,10.1046/j.1432-1327.1998.2570286.x,98LOV/LAU_857
67ROS/ADA,12325368,,67ROS/ADA_1133
52STA,12980996,,52STA_394
52STR/KOR,12981017,,52STR/KOR_158
52MEY/SHA,12997210,10.1016/0003-9861(52)90109-4,52MEY/SHA_815
52STE/OCH,12999746,,52STE/OCH_145
52FIT/DOU,12999827,,52FIT/DOU_419
52NEI,12999850,,52NEI_99
52EGG/HEM,13018181,10.1042/bj0520156,52EGG/HEM_658
53MAS,13032036,10.1042/bj0530072,53MAS_1148
53SIE/POT,13034773,,53SIE/POT_635
53COH,13044776,,53COH_1294
53KRE,13058835,10.1042/bj0540078,53KRE_1163
53KRE2,13058836,10.1042/bj0540082,53KRE2_508
53BUR/WIL,13058837,10.1042/bj0540086,53BUR/WIL_44
53BOD,13061507,,53BOD_1351
53OLS/ANF,13061508,,53OLS/ANF_282
53BUR/STA,13061511,,53BUR/STA_240
53RAT/ANS,13084582,,53RAT/ANS_1222
53MAH/WAK,13084616,,53MAH/WAK_1436
53HAR/KOR,13084629,,53HAR/KOR_147
53STR,13092953,10.1016/0003-9861(53)90176-3,53STR_274
53JON,13107745,,53JON_1432
53BRO,13117866,,53BRO_1399
53NIS/BAR,13117873,,53NIS/BAR_499
53MIT/LAM,13117877,,53MIT/LAM_1324
53KAP/COL,13117879,,53KAP/COL_309
53GRE/BRO,13117926,,53GRE/BRO_634
53TAL/DOB,13129261,,53TAL/DOB_178
54GRE/MII,13130521,,54GRE/MII_264
54BOW/KER,13139680,10.1016/0003-9861(54)90176-9,54BOW/KER_636
54HEL,13143026,,54HEL_1435
54MAR/WIL,13159289,10.1016/0003-9861(54)90211-8,54MAR/WIL_1234
54WIL/BAN,13159356,10.1016/0003-9861(54)90072-7,54WIL/BAN_66
54WAK/GRE,13163047,,54WAK/GRE_126
54UTT/KUR,13163068,,54UTT/KUR_1082
54LIE/KOR,13163076,,54LIE/KOR_1039
54HAN/CRA,13174537,,54HAN/CRA_1261
54GOL,13174544,,54GOL_406
54LEV/MEI,13192082,,54LEV/MEI_1439
54AXE/JAN,13192139,,54AXE/JAN_1331
54BER/JOK,13211603,,54BER/JOK_665
54SIS/STA,13211620,,54SIS/STA_1428
54CHA,13211661,,54CHA_1086
54STR/HAR,13211662,,54STR/HAR_38
54ROS/GRU,13221579,,54ROS/GRU_573
55GLA/BRO,13252007,,55GLA/BRO_162
55KAU/ALI,13252014,,55KAU/ALI_1438
55ZEL,13271335,,55ZEL_88
55WIL/MCI,13271408,,55WIL/MCI_1208
55POD/STU,13271421,,55POD/STU_1072
56TOM,13278351,,56TOM_173
56PAL/DOU,13278359,,56PAL/DOU_1344
56LAR/JAC,13292912,10.1016/0003-9861(56)90437-4,56LAR/JAC_77
56TAL/MAR,13295222,,56TAL/MAR_179
56STU/HOR,13295228,,56STU/HOR_1245
56WOL/KAP,13295236,,56WOL/KAP_76
56POD/MOR,13295245,,56POD/MOR_1078
56STE/DEL,13295248,,56STE/DEL_1178
56RAM/GIR,13314642,10.1016/0003-9861(56)90091-1,56RAM/GIR_1352
56GRE/COH,13319278,,56GRE/COH_1296
56REI,13319297,,56REI_1407
56AME/HOR,13319331,,56AME/HOR_519
56ALE/GRE,13331936,,56ALE/GRE_348
56STE/COO,13345795,,56STE/COO_719
56STE,13345796,,56STE_720
56HAK/GLA,13345810,,56HAK/GLA_100
56FEU/WOL,13354402,,56FEU/WOL_557
56RAT/ROC,13355454,10.1016/0003-9861(56)90044-3,56RAT/ROC_364
56KAP/CIO,13357478,,56KAP/CIO_278
56BOW/KER,13363434,10.1016/0003-9861(56)90270-3,56BOW/KER_637
56CAR/COH,13366975,,56CAR/COH_1224
56DIC/WIL,13373810,10.1042/bj0640567,56DIC/WIL_1333
56COW/PIZ,13385236,,56COW/PIZ_1389
56HUR/HOR,13385247,,56HUR/HOR_1244
57ROB/BOY,13398392,,57ROB/BOY_544
57HOL/TOU,13416220,,57HOL/TOU_56
57ROB/COO,13416257,,57ROB/COO_122
57HOH,13426146,,57HOH_102
57ASH/HIC,13428737,,57ASH/HIC_1246
57KAR/GRE,13449064,,57KAR/GRE_347
57FLA/ERW,13475309,,57FLA/ERW_476
57ROD/TOW,13475367,,57ROD/TOW_1390
57CAL,13488919,10.1042/bj0670651,57CAL_638
57MAX,13491567,,57MAX_1249
57SMI/GUN,13491582,,57SMI/GUN_1114
57VLA/VLA,13499474,,57VLA/VLA_545
57GRE/LIP,13502367,,57GRE/LIP_716
57HOL/HOL,13522707,,57HOL/HOL_113
58TAB/SRE,13534662,10.1016/0003-9861(58)90003-1,58TAB/SRE_1335
58YOU/PAC,13534693,10.1016/0003-9861(58)90403-x,58YOU/PAC_45
58CAB/LEL,13538966,,58CAB/LEL_432
58HEA/HOR,13539034,,58HEA/HOR_1297
58BUR/HOR,13539036,,58BUR/HOR_1264
58WOL/SIM,13549442,,58WOL/SIM_1265
58TUR/TUR,13560389,10.1042/bj0690448,58TUR/TUR_684
58LAN/ENG,13575417,,58LAN/ENG_194
58ROB/LIP,13575437,,58ROB/LIP_678
58WIL/BAN,13587526,,58WIL/BAN_681
58BRU/NOL,13596391,,58BRU/NOL_1334
58NOL/BRU,13596394,,58NOL/BRU_1353
58FRO2,13598730,,58FRO2_187
58MAL/OCH,13610869,,58MAL/OCH_673
59SAN/LAN,13610916,,59SAN/LAN_326
59KIT/HEM,13628583,10.1042/bj0710395,59KIT/HEM_991
59BEN/KIT,13628584,10.1042/bj0710400,59BEN/KIT_990
59KRI,13630884,,59KRI_564
59ITO/GRI,13630886,,59ITO/GRI_1392
59BAR/SMY,13630903,,59BAR/SMY_1214
59VAG/EAR,13641247,,59VAG/EAR_1221
59HAB/CAN,13641268,,59HAB/CAN_951
59SCO/JAK,13654294,,59SCO/JAK_526
59SHO/PRI,13664648,10.1128/jb.77.6.695-700.1959,59SHO/PRI_216
59DEN/ROB,13672942,,59DEN/ROB_190
59MIL/LUK,13672968,,59MIL/LUK_1225
59STR/SMI,13672971,,59STR/SMI_702
59TAB/WYN,13672973,,59TAB/WYN_355
59MCQ/UTT,13673030,,59MCQ/UTT_565
60AGO/ARA,13681649,,60AGO/ARA_1336
61ALE,13682344,10.1128/jb.81.6.903-910.1961,61ALE_444
61ATK/BUR,13684980,10.1042/bj0780813,61ATK/BUR_640
61ATK/JOH,13684982,10.1042/bj0790012,61ATK/JOH_772
61DAT/RAC,13719876,,61DAT/RAC_368
60OCO/HAL,13730045,10.1016/0003-9861(60)90503-8,60OCO/HAL_269
61SAN/ZIN,13746411,10.1016/0003-9861(61)90070-4,61SAN/ZIN_288
60SCH/RAT,13748745,,60SCH/RAT_1444
61KOR/GLA,13753209,,61KOR/GLA_703
61KRA/VEN,13753903,,61KRA/VEN_268
60MEN,13769376,,60MEN_429
61VEN/RAC,13780711,,61VEN/RAC_373
61VLA/KOM,13781723,,61VLA/KOM_827
61WIL/WIL,13785328,10.1016/0003-9861(61)90318-6,61WIL/WIL_1209
61WOO/STJ,13786500,10.1073/pnas.47.3.289 ,61WOO/STJ_361
60ASH/WAH,13794771,,60ASH/WAH_1369
60BLA,13801272,10.1042/bj0740071,60BLA_349
59CAL/WEB,13806976,10.1042/bj0730473,59CAL/WEB_639
60COM/ROS,13811398,,60COM/ROS_1117
60FEI/NEU,13821949,,60FEI/NEU_1270
59FRI,13825045,,59FRI_283
60GUP/ROB,13830319,,60GUP/ROB_186
62BRU/JOU,13874013,,62BRU/JOU_1122
62CHA/VEI,13877918,,62CHA/VEI_72
61GAW/GLA,13897360,10.1016/0003-9861(61)90136-9,61GAW/GLA_974
62GHA/HEA,13898172,,62GHA/HEA_1107
61GOT/KOR,13900766,10.1042/bj0810273,61GOT/KOR_191
62HAL/FEN,13903809,,62HAL/FEN_1446
62HIM/RAB,13907490,,62HIM/RAB_1442
62SHU/DOU,13912428,,62SHU/DOU_119
63MAP/ISH,13932735,10.1042/bj0860173,63MAP/ISH_312
63MON/WHI,13936004,,63MON/WHI_219
63HUE,13955484,10.1021/bi00901a027,63HUE_296
63FRI/SCH,13963148,,63FRI/SCH_389
63BEC/LEV,13970089,,63BEC/LEV_472
63QUA,13972708,10.1042/bj0870368,63QUA_260
62WIL/SNE,14001018,,62WIL/SNE_360
61YAM,14008731,,61YAM_485
63ALL/KEL,14012144,,63ALL/KEL_1278
63SLY/STA,14063285,,63SLY/STA_401
63HAR/COL,14063286,,63HAR/COL_1125
63HIN/WOL,14075112,10.1021/bi00904a025,63HIN/WOL_1355
63MAT/HUE,14085400,,63MAT/HUE_297
63SCO/DUN,14086726,,63SCO/DUN_313
63BER/HOL,14087284,,63BER/HOL_396
63MEI/BUK,14087295,,63MEI/BUK_1196
63JEN/CAP,14093907,10.1021/bi00906a024,63JEN/CAP_970
63DOM/ZEC,14095156,,63DOM/ZEC_1372
64BOJ/GAU,14102876,10.1128/jb.87.1.75-80.1964,64BOJ/GAU_363
63EDM/WRI,14109183,,63EDM/WRI_195
63EHR/MAR,14109209,,63EHR/MAR_993
64LOW/PAS,14114860,,64LOW/PAS_1394
64ASP/JAK,14154441,,64ASP/JAK_215
64HEN/CLE,14155095,10.1021/bi00891a007,64HEN/CLE_500
64ADA/NOR,14189888,,64ADA/NOR_1240
64MAI/DEK,14193832,,64MAI/DEK_1132
64WIL/HOG,14235524,,64WIL/HOG_1252
64KEL/ALL,14235536,,64KEL/ALL_1421
64PRE/WOO,14245350,,64PRE/WOO_699
64BAR/ROO,14245371,,64BAR/ROO_1419
64MOO/REI,14245401,,64MOO/REI_318
64MEL/WOO,14245410,,64MEL/WOO_1106
64MCN/DAM,14247682,,64MCN/DAM_1429
65BES/HER,14253449,,65BES/HER_671
65KAZ/GRO,14256957,,65KAZ/GRO_1447
64AVI,14257584,,64AVI_424
65KAT/BUC,14275142,,65KAT/BUC_321
65YOS,14284712,,65YOS_132
65STR,14284729,,65STR_520
65EIC/CYN,14285233,10.1021/bi00877a024,65EIC/CYN_214
65GHO/ROS,14285487,,65GHO/ROS_1274
65GHO/ROS2,14285488,,65GHO/ROS2_1272
65UYE/RAB,14285511,,65UYE/RAB_354
65MAY/GIN,14299608,,65MAY/GIN_705
65SHA/CLE,14299613,,65SHA/CLE_1383
65AND/ALL,14304839,,65AND/ALL_1375
65CAN/FOC,14321360,,65CAN/FOC_1420
65BUL/HAN,14321365,,65BUL/HAN_510
65BAH/CAT,14321375,,65BAH/CAT_854
65DAW/DIC,14346088,10.1042/bj0940353,65DAW/DIC_114
65TAT/DAT,14348207,10.1042/bj0940470,65TAT/DAT_1126
55HOR/SMY,14353883,,55HOR/SMY_371
55BLA/WRI,14353903,,55BLA/WRI_587
55BLA/WRI2,14353904,,55BLA/WRI2_242
55BLA/WRI3,14353905,,55BLA/WRI3_37
55THO/GOM,14367287,10.1128/jb.69.3.357-362.1955,55THO/GOM_1235
55YAN/GIL,14367339,,55YAN/GIL_83
55CAR/LEL,14367373,,55CAR/LEL_423
55LIE/KOR,14392174,,55LIE/KOR_480
55LIE/KOR2,14392176,,55LIE/KOR2_664
59HOL,14402710,10.1515/bchm2.1959.317.1.193,59HOL_57
60KAY/OSB,14404999,,60KAY/OSB_1057
60KAH/LOW,14408402,,60KAH/LOW_1354
59KIR/TUR,14409347,10.1042/bj0720716,59KIR/TUR_663
60KUR/SUG,14412847,,60KUR/SUG_696
60NIR/JAK,14427301,,60NIR/JAK_193
59NOR/FRO,14427582,,59NOR/FRO_188
60PRI/HOR,14434864,,60PRI/HOR_1087
62KRE/MEL,14459507,10.1042/bj0820096,62KRE/MEL_118
61LED,14463407,,61LED_488
62MEN,14472566,,62MEN_672
62RAV/WOL,14490617,10.1021/bi00908a012,62RAV/WOL_130
50SLE,14794671,,50SLE_1350
51BLI,14830226,10.1016/0003-9861(51)90206-8,51BLI_35
51FRU/JOH,14841149,,51FRU/JOH_971
51WOO/GUN,14841188,,51WOO/GUN_1233
51BLA,14858331,10.1042/bj0490257,51BLA_65
51ROW/KOR,14907738,,51ROW/KOR_465
52BAU/GEM,14915545,10.1016/s0003-9861(52)80055-4,52BAU/GEM_996
52NAR/WOO,14924668,10.1016/s0003-9861(52)80026-8,52NAR/WOO_1237
52DOB/STU,14938362,,52DOB/STU_969
52DOB/FRU,14938363,,52DOB/FRU_973
52OHL/SHA,14944266,10.1016/0003-9861(52)90426-8,52OHL/SHA_792
50OES/MEY,15419792,,50OES/MEY_1283
50FRI,15428423,,50FRI_456
50RAC,15443900,,50RAC_98
81GON/CHE,16345717,,81GON/CHE_1326
93WER/TWE,16349034,,93WER/TWE_1202
41UTT/WER,16560478,10.1128/jb.42.5.665-676.1941,41UTT/WER_1291
62AKA/CAM,16561978,10.1128/jb.84.6.1194-1201.1962,62AKA/CAM_680
65LEE/DOB,16562063,10.1128/jb.90.3.653-660.1965,65LEE/DOB_211
56BEN/HEM,16589970,10.1073/pnas.42.12.896,56BEN/HEM_989
60JON/LIP,16590733,10.1073/pnas.46.9.1194 ,60JON/LIP_576
55VAR/WEB,16654798,10.1104/pp.30.5.393,55VAR/WEB_1440
69FAN/FEI,16657106,10.1104/pp.44.4.599,69FAN/FEI_1269
81HIR,16661650,10.1104/pp.67.2.221,81HIR_225
83WED/BLA,16663114,10.1104/pp.72.4.1021,83WED/BLA_146
85BAR,16664543,10.1104/pp.79.4.1127,85BAR_430
66CAR/HUL,16742459,10.1042/bj1010781,66CAR/HUL_89
26QUA/WOO,16743691,10.1042/bj0200545,26QUA/WOO_1205
29WOO,16744231,10.1042/bj0230472,29WOO_1206
39COH,16747057,10.1042/bj0331478,39COH_504
40KRE/SMY,16747248,10.1042/bj0341041,40KRE/SMY_1143
40HER/GOR,16747255,10.1042/bj0341108,40HER/GOR_1090
65MOR/JAM,16749122,10.1042/bj0970037,65MOR/JAM_594
66GIB/MOR,16749179,10.1042/bj0990021p,66GIB/MOR_534
85TEW/STE,17007786,10.1016/0301-4622(85)80041-7,85TEW/STE_1329
86GOL/GAJ,17007794,10.1016/0301-4622(86)85054-2,86GOL/GAJ_1213
86TEW/GOL,17007802,10.1016/0301-4622(86)85034-7,86TEW/GOL_1322
48KOR,18098602,,48KOR_676
49MEY/GRE,18116987,,49MEY/GRE_824
49MEY/OES,18134595,,49MEY/OES_563
49BAR,18135786,,49BAR_43
49HES,18135821,,49HES_743
83HAA/KAR,18551488,10.1002/bit.260250715,83HAA/KAR_1015
84ADA/UED,18551697,10.1002/bit.260260203,84ADA/UED_895
86OLI/TOI,18555380,10.1002/bit.260280508,86OLI/TOI_1330
93JAN/PAD,18613144,10.1002/bit.260420806,93JAN/PAD_742
48SCO/POW,18909182,10.1021/ja01183a070,48SCO/POW_1145
48OCH,18914071,,48OCH_152
45GRE/LEL,21006939,,45GRE/LEL_507
97PES/PRI,,10.1002/(SICI)1097-0290(19971005)56:1<9::AID-BIT2>3.0.CO;2-O,97PES/PRI_908
80BEY/ROE,,10.1002/bit.260220313,80BEY/ROE_894
92BLA/GUI,,10.1002/bit.260400913,92BLA/GUI_966
38SCH/HEL,,10.1002/cber.19380710717,38SCH/HEL_23
64MIL/AVI,,10.1002/ijch.196400064,64MIL/AVI_425
89ELD/DEG,,10.1002/mrm.1910110111,89ELD/DEG_602
74SCA/SHI,,10.1002/star.19740261202,74SCA/SHI_1308
85MAK/KIE,,10.1002/star.19850370706,85MAK/KIE_1316
93LAR/TEW,,10.1006/jcht.1993.1009,93LAR/TEW_785
93TEW/KIS,,10.1006/jcht.1993.1028,93TEW/KIS_1051
96TEW/SCH,,10.1006/jcht.1996.0016,96TEW/SCH_751
96TEW/GOL,,10.1006/jcht.1996.0099,96TEW/GOL_74
98TEW/KIS,,10.1006/jcht.1998.0342,98TEW/KIS_518
98KIS/TEW2,,10.1006/jcht.1998.0404,98KIS/TEW2_541
99KIS/HOL,,10.1006/jcht.1998.0444,99KIS/HOL_262
99KIS/TEW,,10.1006/jcht.1999.0496,99KIS/TEW_992
91WOH/DIE,,10.1007/BF00243458,91WOH/DIE_305
95KAM/JUR,,10.1007/BF00301478,95KAM/JUR_657
67BAR,,10.1007/BF00406311,67BAR_1134
84TEW/GOL,,10.1007/BF00647222,84TEW/GOL_1315
86MEI/GAD,,10.1007/BF00694264,86MEI/GAD_307
94TEW/GOL,,10.1007/BF00973544,94TEW/GOL_1140
97DEJ/ROC,,10.1007/BF01007697,97DEJ/ROC_428
79FLE/TAT,,10.1007/BF01732029,79FLE/TAT_984
82SAL/GIA,,10.1007/BF01959737,82SAL/GIA_477
89SAN/SIN,,10.1007/BF02703521,89SAN/SIN_1362
70TSA/HOL,,10.1016/0003-9861(70)90347-4,70TSA/HOL_1255
83CRA/BOS,,10.1016/0003-9861(83)90213-8,83CRA/BOS_19
68BOM/PRA,,10.1016/0005-2728(68)90105-9,68BOM/PRA_643
70GEO/WIT,,10.1016/0005-2728(70)90126-X,70GEO/WIT_806
72ROS/SLA,,10.1016/0005-2728(72)90116-8,72ROS/SLA_1441
67WIL/HIR,,10.1016/0005-2744(67)90139-8,67WIL/HIR_1215
67TRI/VOG,,10.1016/0005-2744(67)90197-0,67TRI/VOG_1227
67TAK/HIZ,,10.1016/0005-2744(67)90241-0,67TAK/HIZ_1357
68BUR/WAL,,10.1016/0005-2744(68)90028-4,68BUR/WAL_1284
68SAL/NOR,,10.1016/0005-2744(68)90116-2,68SAL/NOR_1268
70NAK/FUJ,,10.1016/0005-2744(70)90054-9,70NAK/FUJ_535
72KOR/HUR,,10.1016/0005-2744(72)90965-5,72KOR/HUR_199
73RAD/HOC,,10.1016/0005-2744(73)90065-X,73RAD/HOC_400
73VID/UDE,,10.1016/0005-2744(73)90337-9,73VID/UDE_78
75MUR/TSU,,10.1016/0005-2744(75)90040-6,75MUR/TSU_461
75COH/LYN,,10.1016/0005-2744(75)90324-1,75COH/LYN_1198
76SCH/KRI,,10.1016/0005-2744(76)90051-6,76SCH/KRI_228
78INF/KIN,,10.1016/0005-2744(78)90135-3,78INF/KIN_701
66TOO/WAK,,10.1016/0005-2760(66)90001-4,66TOO/WAK_207
78MCG/BRO,,10.1016/0005-2760(78)90010-3,78MCG/BRO_231
59BON/PON,,10.1016/0006-291X(59)90066-X,59BON/PON_370
65CHI/FEI,,10.1016/0006-291X(65)90155-5,65CHI/FEI_1110
69DAH/AND,,10.1016/0006-291X(69)90681-0,69DAH/AND_1109
77ANN/WAL,,10.1016/0006-291X(77)91392-4,77ANN/WAL_608
47BUC,,10.1016/0006-3002(47)90143-1,47BUC_578
50COR/VEL,,10.1016/0006-3002(50)90020-5,50COR/VEL_252
50HES,,10.1016/0006-3002(50)90037-0,50HES_748
52BUR,,10.1016/0006-3002(52)90020-6,52BUR_29
53MEY/SHA,,10.1016/0006-3002(53)90130-9,53MEY/SHA_1069
53LYN/OCH,,10.1016/0006-3002(53)90149-8,53LYN/OCH_717
54MIT/DAV,,10.1016/0006-3002(54)90093-1,54MIT/DAV_1168
55KAT,,10.1016/0006-3002(55)90353-X,55KAT_112
55LEH/SIC,,10.1016/0006-3002(55)90368-1,55LEH/SIC_1097
56LEL/CAR,,10.1016/0006-3002(56)90259-1,56LEL/CAR_1366
56SMI/STA,,10.1016/0006-3002(56)90493-0,56SMI/STA_1124
57DUR/STU,,10.1016/0006-3002(57)90006-9,57DUR/STU_339
57STE,,10.1016/0006-3002(57)90040-9,57STE_125
57SAN/SEA,,10.1016/0006-3002(57)90179-8,57SAN/SEA_323
57BUR/HOR,,10.1016/0006-3002(57)90272-X,57BUR/HOR_1263
58FRO,,10.1016/0006-3002(58)90182-3,58FRO_1443
59DEL/DEF,,10.1016/0006-3002(59)90495-0,59DEL/DEF_233
59GOL,,10.1016/0006-3002(59)90555-4,59GOL_322
60PIE/WIA,,10.1016/0006-3002(60)90506-0,60PIE/WIA_270
62DUR/RAW,,10.1016/0006-3002(62)90607-8,62DUR/RAW_343
62GOL/WAG,,10.1016/0006-3002(62)91048-X,62GOL/WAG_289
63DAY/WIL,,10.1016/0006-3002(63)90519-5,63DAY/WIL_754
63DOB/DEM,,10.1016/0006-3002(63)90547-X,63DOB/DEM_1337
63KUR/FUK,,10.1016/0006-3002(63)91027-8,63KUR/FUK_1131
63CHE/RAW,,10.1016/0006-3002(63)91239-3,63CHE/RAW_983
72WUR/HES,,10.1016/0014-5793(72)80311-9,72WUR/HES_1276
74CHE/PAT,,10.1016/0020-711X(74)90096-2,74CHE/PAT_837
75DON/BAR,,10.1016/0040-6031(75)80018-9,75DON/BAR_106
76JES,,10.1016/0040-6031(76)80042-1,76JES_139
84REK/RUM,,10.1016/0040-6031(84)85121-7,84REK/RUM_963
85REK/SLO,,10.1016/0040-6031(85)85203-5,85REK/SLO_987
87OWU/TRE,,10.1016/0040-6031(87)88028-0,87OWU/TRE_1003
87REK/EGO,,10.1016/0040-6031(87)88272-2,87REK/EGO_1018
93HUT/BOH,,10.1016/0040-6031(93)80327-7,93HUT/BOH_229
93BOH/HUT,,10.1016/0040-6031(93)85092-N,93BOH/HUT_226
95HUT/BOH,,10.1016/0040-6031(94)01957-I,95HUT/BOH_995
95LIU/ZEN,,10.1016/0040-6031(94)02080-8,95LIU/ZEN_976
95LIA/WAN2,,10.1016/0040-6031(95)02513-8,95LIA/WAN2_1048
95JUS/KOT,,10.1016/0040-6031(95)90714-9,95JUS/KOT_1002
55WOL/KAP,,10.1016/0076-6879(55)01050-1,55WOL/KAP_75
55BUR,,10.1016/0076-6879(55)01063-X,55BUR_39
55STA/BUR,,10.1016/0076-6879(55)01089-6,55STA/BUR_241
55LYN/WIE,,10.1016/0076-6879(55)01099-9,55LYN/WIE_124
55STA,,10.1016/0076-6879(55)01103-8,55STA_395
63VIL/LAR,,10.1016/0076-6879(63)06186-3,63VIL/LAR_686
63GRE,,10.1016/0076-6879(63)06194-2,63GRE_1058
66HAN/ALB,,10.1016/0076-6879(66)08042-X,66HAN/ALB_688
66MAT/STR,,10.1016/0076-6879(66)08061-3,66MAT/STR_533
66DED,,10.1016/0076-6879(66)08091-1,66DED_421
66REI,,10.1016/0076-6879(66)09112-2,66REI_1356
66DOM/ZEC,,10.1016/0076-6879(66)09115-8,66DOM/ZEC_1374
69KLO,,10.1016/0076-6879(69)13065-7,69KLO_398
72LEH/TAN,,10.1016/0076-6879(72)28075-2,72LEH/TAN_452
75GRI/CAR,,10.1016/0076-6879(75)42149-8,75GRI/CAR_1396
82BAR/HEB,,10.1016/0076-6879(82)83045-0,82BAR/HEB_1277
80SVE/MAR,,10.1016/0141-0229(80)90070-8,80SVE/MAR_1017
82HSI/CHI,,10.1016/0141-0229(82)90006-0,82HSI/CHI_1327
89JOH/HED,,10.1016/0141-0229(89)90018-5,89JOH/HED_939
91SCH/GIF,,10.1016/0141-0229(91)90153-2,91SCH/GIF_69
93BLI/MAR,,10.1016/0141-0229(93)90173-Y,93BLI/MAR_1034
86REK/SKY,,10.1016/0165-022X(86)90113-2,86REK/SKY_1031
89BER/MUD,,10.1016/0165-022X(89)90073-0,89BER/MUD_947
82GAL/SVE,,10.1016/0167-4838(82)90242-4,82GAL/SVE_1029
86PRU/TEN,,10.1016/0167-4838(86)90245-1,86PRU/TEN_333
86KUP/FER,,10.1016/0167-4838(86)90316-X,86KUP/FER_661
87TAV/LEE,,10.1016/0167-4838(87)90136-1,87TAV/LEE_484
89LOP/COH,,10.1016/0167-4838(89)90291-4,89LOP/COH_609
92KER/KER,,10.1016/0167-4838(92)90131-V,92KER/KER_1155
94CHI/KIR,,10.1016/0167-4838(94)90006-X,94CHI/KIR_493
86GRA/ELL,,10.1016/0167-4889(86)90050-9,86GRA/ELL_620
82SUE/KAT,,10.1016/0304-4165(82)90178-7,82SUE/KAT_221
79MCK/TAV,,10.1016/0304-5102(79)85019-1,79MCK/TAV_1311
90OCO/BUT,,10.1016/0304-5102(90)85274-L,90OCO/BUT_752
80PET/AMI,,10.1016/0305-0491(80)90077-2,80PET/AMI_503
89RIZ/HAR,,10.1016/0922-338X(89)90081-0,89RIZ/HAR_55
63DEV/GOU,,10.1016/0926-6550(63)90451-1,63DEV/GOU_459
64NOR,,10.1016/0926-6569(64)90103-8,64NOR_408
64TAK/SAW,,10.1016/0926-6569(64)90263-9,64TAK/SAW_1373
65YOS/FRE,,10.1016/0926-6593(65)90009-3,65YOS/FRE_271
66SCH,,10.1016/0926-6593(66)90039-7,66SCH_385
66STA/DEN,,10.1016/0926-6593(66)90144-5,66STA/DEN_410
92LOR/TRA,,10.1016/B978-0-444-89046-7.50076-X,92LOR/TRA_741
79GRI/TAN,,10.1016/S0003-2670(01)93222-2,79GRI/TAN_1046
77GRI/LOC,,10.1016/S0003-2670(01)93665-7,77GRI/LOC_967
87WOL/REI,,10.1016/S0006-3495(88)82934-5,87WOL/REI_801
97TEW/GOL,,10.1016/S0008-6215(97)00073-6,97TEW/GOL_874
84DEY,,10.1016/S0031-9422(00)85013-X,84DEY_1257
93MOC/STR,,10.1016/S0031-9422(00)95139-2,93MOC/STR_453
97LIA/WU,,10.1016/S0040-6031(97)00363-8,97LIA/WU_332
99HUT/OEH,,10.1016/S0040-6031(98)00547-4,99HUT/OEH_944
81PAH/JAG,,10.1016/S0044-328X(81)80048-7,81PAH/JAG_294
55DAV/GIL,,10.1016/S0076-6879(55)02203-9,55DAV/GIL_82
62GRI,,10.1016/S0076-6879(62)05210-6,62GRI_1393
62HOR,,10.1016/S0076-6879(62)05212-X,62HOR_1266
62DOU2,,10.1016/S0076-6879(62)05234-9,62DOU2_160
62UEH,,10.1016/S0076-6879(62)05238-6,62UEH_1293
62HAY/NIS,,10.1016/S0076-6879(62)05297-0,62HAY/NIS_525
62SIL,,10.1016/S0076-6879(62)05314-8,62SIL_356
62BLA,,10.1016/S0076-6879(62)05320-3,62BLA_243
62PET,,10.1016/S0076-6879(62)05327-6,62PET_524
69POP,,10.1016/S0076-6879(69)15014-4,69POP_628
70BAL/DEN,,10.1016/S0076-6879(69)15014-4,70BAL/DEN_84
70JEN/TAY,,10.1016/S0076-6879(69)15014-4,70JEN/TAY_536
75KRI,,10.1016/S0076-6879(75)41094-1,75KRI_1285
97CON/DEL,,10.1016/S0141-0229(97)00021-5,97CON/DEL_1320
97HAN/KLE,,10.1016/S0167-4838(96)00161-6,97HAN/KLE_208
96OES/SCH,,10.1016/S0168-9452(96)04475-5,96OES/SCH_1415
92DEM/ATT,,10.1016/S0232-4393(11)80392-6,92DEM/ATT_1319
94NOE/COL,,10.1016/S0885-5765(05)80059-1,94NOE/COL_197
65CAR/KIR,,10.1016/S0926-6593(65)80047-9,65CAR/KIR_979
98DIE/STR,,10.1016/S1381-1177(98)00044-7,98DIE/STR_1004
75MCG/JOR,,10.1021/ac60356a048,75MCG/JOR_547
65BOY/BAR,,10.1021/bi00885a020,65BOY/BAR_169
62RAV/WOL2,,10.1021/bi00912a023,62RAV/WOL2_131
97SAL/GOD,,10.1021/bp9700869,97SAL/GOD_1123
95TEW/SCH,,10.1021/j100005a034,95TEW/SCH_961
87TEW/GAJ,,10.1021/j100288a028,87TEW/GAJ_1220
71RAJ/LUM,,10.1021/j100680a006,71RAJ/LUM_965
91AND/KAT,,10.1021/ja00008a073,91AND/KAT_1232
95KOZ/TOM,,10.1021/ja00113a002,95KOZ/TOM_1426
95LEE/WAL,,10.1021/ja00133a006,95LEE/WAL_489
80SLI/BOL,,10.1021/ja00540a025,80SLI/BOL_975
73STU/GER,,10.1021/ja00805a036,73STU/GER_849
67WU/WIT,,10.1021/ja00985a003,67WU/WIT_811
53STE/COO,,10.1021/ja01102a540,53STE/COO_718
53BOC/ALB,,10.1021/ja01104a043,53BOC/ALB_1146
53STU,,10.1021/ja01104a527,53STU_955
53HOC/WAT,,10.1021/ja01109a516,53HOC/WAT_1323
61RAW/WAD,,10.1021/ja01476a003,61RAW/WAD_958
60GEL/STU,,10.1021/ja01491a053,60GEL/STU_613
56FOR/GUT,,10.1021/ja01588a024,56FOR/GUT_977
56RAB/PRI,,10.1021/ja01597a094,56RAB/PRI_353
56HAU,,10.1021/ja01601a032,56HAU_265
55STU,,10.1021/ja01607a001,55STU_825
55CAR/COH,,10.1021/ja01607a095,55CAR/COH_1223
55STU2,,10.1021/ja01611a026,55STU2_978
55SLE,,10.1021/ja01611a074,55SLE_1325
98TEW,,10.1021/je980021x,98TEW_727
99TEW/SCH,,10.1021/je980299p,99TEW/SCH_723
97KAS/TEW,,10.1021/jp972501l,97KAS/TEW_1423
98TEW/CHE,,10.1021/jp982754u,98TEW/CHE_1138
95CHE/ARM,,10.1021/tx00046a012,95CHE/ARM_494
55DIC/WIL,,10.1038/176400a0 ,55DIC/WIL_1332
59ATK/JOH,,10.1038/1841925a0 ,59ATK/JOH_1402
64ROS/RAP,,10.1038/201185a0 ,64ROS/RAP_311
85ANS/PRI,,10.1042/bst0130362 ,85ANS/PRI_277
65PIN,,10.1051/jcp/1965620591,65PIN_809
59CHI/SUG,,10.1080/03758397.1959.10857560,59CHI/SUG_1391
56HUB,,10.1085/jgp.39.6.935,56HUB_1279
77REH/JAN,,10.1093/clinchem/23.2.195,77REH/JAN_320
82REH/YOU,,10.1093/clinchem/28.11.2235,82REH/YOU_232
91KLE/RAN,,10.1093/jxb/42.4.537,91KLE/RAN_654
97YOR/ISH,,10.1093/oxfordjournals.jbchem.a021786,97YOR/ISH_540
89IMA,,10.1093/oxfordjournals.jbchem.a122954,89IMA_949
60ICH/FUR,,10.1093/oxfordjournals.jbchem.a127169,60ICH/FUR_1238
63OKA,,10.1093/oxfordjournals.jbchem.a127721,63OKA_198
64IMA/MOR,,10.1093/oxfordjournals.jbchem.a127970,64IMA/MOR_1251
65ONO/HIR,,10.1093/oxfordjournals.jbchem.a128147,65ONO/HIR_902
65TAK/YOS,,10.1093/oxfordjournals.jbchem.a128194,65TAK/YOS_900
65TAK/HIR,,10.1093/oxfordjournals.jbchem.a128195,65TAK/HIR_898
71NOJ/TAN,,10.1093/oxfordjournals.jbchem.a129527,71NOJ/TAN_399
72TAK/ONO,,10.1093/oxfordjournals.jbchem.a129946,72TAK/ONO_872
73SUZ/IWA,,10.1093/oxfordjournals.pcp.a074864,73SUZ/IWA_1060
76MUR,,10.1093/oxfordjournals.pcp.a075374,76MUR_1413
83HON/HAR,,10.1093/oxfordjournals.pcp.a076514,83HON/HAR_695
72WOL,,10.1101/SQB.1973.037.01.076,72WOL_800
68ERI,,10.1111/j.1365-2621.1968.tb03667.x,68ERI_34
96PRO/GRO,,10.1111/j.1399-3054.1996.tb06681.x,96PRO/GRO_1258
68BEE/DEL,,10.1111/j.1432-1033.1968.tb00453.x,68BEE/DEL_236
71GLO/POT,,10.1111/j.1471-4159.1971.tb11987.x,71GLO/POT_387
84DIT/KUB2,,10.1111/j.1574-6968.1984.tb01455.x,84DIT/KUB2_54
82DEM,,10.1111/j.1749-6632.1982.tb25773.x,82DEM_1064
68JEA/DEM,,10.1139/m68-068,68JEA/DEM_210
81RAM/PIC,,10.1139/m81-164,81RAM/PIC_652
84DIT/KUB,,10.1139/m84-214,84DIT/KUB_80
65ANN/KOS,,10.1139/o65-208,65ANN/KOS_1382
73MCC/KOL,,10.1139/o73-069,73MCC/KOL_1216
86MEY/BRO,,10.1152/ajpcell.1986.250.2.C264,86MEY/BRO_611
92KIM/KIN,,10.1152/ajpendo.1992.262.3.E344,92KIM/KIN_829
92KIT/SAS,,10.1271/bbb.56.652,92KIT/SAS_445
65TSU/SAT,,10.1271/bbb1961.29.1129,65TSU/SAT_1300
66NAT,,10.1271/bbb1961.30.887,66NAT_1301
67SOD/OSU,,10.1271/bbb1961.31.1097,67SOD/OSU_1242
67DAN/YOS,,10.1271/bbb1961.31.284,67DAN/YOS_1302
67TAK,,10.1271/bbb1961.31.309,67TAK_1303
67TAK2,,10.1271/bbb1961.31.435,67TAK2_1342
67SAK/YOR,,10.1271/bbb1961.31.525,67SAK/YOR_470
67SAK/YOR2,,10.1271/bbb1961.31.533,67SAK/YOR2_454
91HOR/UEH,,10.1271/bbb1961.55.1071,91HOR/UEH_469
65ICH/HIR,,10.1271/nogeikagaku1924.39.291,65ICH/HIR_1299
46OHL,,10.1515/zna-1946-0108,46OHL_823
86KON/POL,,10.1515/zna-1986-1203,86KON/POL_121
55KIT/BEN,,10.1515/znb-1955-0704,55KIT/BEN_1077
92IBO/OBO,,10.3109/10242429209003660,92IBO/OBO_1030
51THE/BON,,10.3891/acta.chem.scand.05-1105,51THE/BON_12
53BRI,,10.3891/acta.chem.scand.07-1081,53BRI_159
55MUN,,10.3891/acta.chem.scand.09-1523,55MUN_683
57REI,,10.3891/acta.chem.scand.11-0523,57REI_362
58BAC,,10.3891/acta.chem.scand.12-1279,58BAC_14
89AIR,,10.3891/acta.chem.scand.43-0386,89AIR_1032
78OKA/GEN,,10.5458/jag1972.25.113,78OKA/GEN_893
96HIR/MAY,,10.5650/jos1996.45.761,96HIR/MAY_736
31BOR/SCH,,,31BOR/SCH_1141
40COH,,,40COH_495
42COL/SUT,,,42COL/SUT_1401
43DOU,,,43DOU_415
43KAL,,,43KAL_633
43MEY/JUN,,,43MEY/JUN_1292
44LIP,,,44LIP_572
45DRA/MEY,,,45DRA/MEY_250
47MEY/OES,,,47MEY/OES_251
50KOR,,,50KOR_677
59MCC/NAJ,,,59MCC/NAJ_1403
59MER/TOM,,,59MER/TOM_5
60MAX/ROB,,,60MAX/ROB_1250
60VOL,,,60VOL_1370
61BEN/SCH,,,61BEN/SCH_1408
61BER/BER,,,61BER/BER_1431
62ESP,,,62ESP_704
62SEG/BEA,,,62SEG/BEA_509
63MAR/BAR,,,63MAR/BAR_196
67HER/JEN,,,67HER/JEN_721
36MEY/SCH,,,36MEY/SCH_1096
43KRE/EGG,,,43KRE/EGG_1162
45DAR,,,45DAR_506
52ASK,,,52ASK_592
52LEL/CAR,,,52LEL/CAR_698
56KIT/HOR,,,56KIT/HOR_1085
57TAL,,,57TAL_182
60ISH,,,60ISH_997
61PRA,,,61PRA_624
64SAT/TSU,,,64SAT/TSU_1298
65SEK/SUN,,,65SEK/SUN_1210
74FRA/LEE,,,74FRA/LEE_1306
75KUR/KON,,,75KUR/KON_1098
76LLO/KHA,,,76LLO/KHA_1309
80REK/EGO,,,80REK/EGO_335
81HSI/SU,,,81HSI/SU_694
86KIM/LEE,,,86KIM/LEE_601
86POL/MEN,,,86POL/MEN_1318
89JEE/SHI,,,89JEE/SHI_21
89REK/SIK,,,89REK/SIK_1026
92LEE/HAN,,,92LEE/HAN_945
92REK/TIS,,,92REK/TIS_826
92XIA/XUE,,,92XIA/XUE_1414
34JAC,,,34JAC_1142
34LOH/MEY,,,34LOH/MEY_1169
34MEY/LOH,,,34MEY/LOH_1288
35AKA,,,35AKA_1170
35JAC/TAP,,,35JAC/TAP_1207
35MEY/KIE2,,,35MEY/KIE2_1386
35MEY/KIE,,,35MEY/KIE_1385
35MEY/LOH,,,35MEY/LOH_1290
35MEY/SCH,,,35MEY/SCH_805
35MEY,,,35MEY_1289
36EUL/ADL,,10.1515/bchm2.1936.241.6.239,36EUL/ADL_7
36LEH,,,36LEH_614
36MEY/LOH,,,36MEY/LOH_1099
36VEI,,,36VEI_926
37ADL/SRE,,10.1515/bchm2.1937.249.1.24,37ADL/SRE_8
37EUL/ADL2,,10.1515/bchm2.1937.249.1.1,37EUL/ADL2_42
37EUL/ADL3,,10.1515/bchm2.1937.245.5-6.217,37EUL/ADL3_96
37EUL/ADL,,10.1515/bchm2.1937.247.1-2.65,37EUL/ADL_95
37NEG/WUL,,,37NEG/WUL_9
38EUL/ADL,,10.1515/bchm2.1938.254.2.61,38EUL/ADL_273
38MEY/SCH,,,38MEY/SCH_1387
41WAR/CHR,,,41WAR/CHR_1171
42LEN/STR,,,42LEN/STR_505
43BAN,,,43BAN_590
43KUB/OTT,,,43KUB/OTT_97
45OHL,,10.1515/bchm2.1947.282.1-2.37,45OHL_822
48SOR/DEG,,,48SOR/DEG_591
49SOR/DVO,,,49SOR/DVO_615
50PAZ,,,50PAZ_437
52KOR,,,52KOR_574
54GIN,,,54GIN_779
54STA,,,54STA_375
55DEC,,,55DEC_407
56ENG,,,56ENG_1371
59ALE,,,59ALE_443
59TAL/LEV,,,59TAL/LEV_185
61DOU/MER,,,61DOU/MER_117
61DOU,,,61DOU_420
61KLE,,,61KLE_685
61RAC2,,,61RAC2_372
62DOU/SHU,,,62DOU/SHU_1111
62RAB,,,62RAB_561
65STI/DIA,,,65STI/DIA_810
68BRO,,,68BRO_511
68VEE,,,68VEE_583
69BAR,,,69BAR_40
69BEN,,,69BEN_1150
69BRE/AAS,,,69BRE/AAS_393
69GEO/TRA,,,69GEO/TRA_757
73BEE/STE,,,73BEE/STE_998
73HAV/PIT,,,73HAV/PIT_1304
73LAN,,,73LAN_1305
73SHE/GUL,,,73SHE/GUL_155
74LAN,,,74LAN_575
74MCK,,,74MCK_1307
74SCH/STU,,,74SCH/STU_310
75KAP/BAR,,,75KAP/BAR_982
76LAW/GUY,,,76LAW/GUY_830
79REK/EGO,,,79REK/EGO_334
80SVE/GAL,,,80SVE/GAL_1023
82RED,,,82RED_568
83BRA,,,83BRA_4
83KHO/KAR,,,83KHO/KAR_653
83TIL,,,83TIL_1312
84LLO/CHA,,,84LLO/CHA_1313
84OYA/IRI,,,84OYA/IRI_985
84PAU,,,84PAU_317
84PUZ/GOR,,,84PUZ/GOR_487
85LIE,,,85LIE_325
87ANT,,,87ANT_796
90LIU,,,90LIU_1424
92KRA,,,92KRA_1273
95BIS/KRA,,,95BIS/KRA_1027
95LIA/WAN,,,95LIA/WAN_331
